-- Random Data generated by GPT
INSERT INTO STUDENT (RollNo, StudentName, CourseID, DOB) 
VALUES 
('S001', 'John Doe', 'C001', '2000-05-15'),
('S002', 'Jane Smith', 'C002', '2001-02-20'),
('S003', 'Michael Johnson', 'C003', '1999-09-10'),
('S004', 'Emily Wilson', 'C002', '2000-11-30'),
('S005', 'Chris Brown', NULL, '2002-04-25'),
('S006', 'Jessica Lee', 'C001', '2001-08-05'),
('S007', 'Daniel Clark', 'C003', '2000-03-12'),
('S008', 'Sarah Davis', 'C002', '1998-07-18'),
('S009', 'Matthew Taylor', NULL, '1999-10-22'),
('S010', 'Amanda Martinez', 'C001', '2003-01-08'),
('S011', 'Ryan White', 'C003', '2002-06-14'),
('S012', 'Emma Garcia', 'C002', '2001-12-19'),
('S013', 'James Rodriguez', NULL, '2000-09-27'),
('S014', 'Olivia Hernandez', 'C001', '1998-04-03'),
('S015', 'Andrew Nguyen', 'C002', '2002-11-11'),
('S016', 'Lauren Kim', 'C003', '2001-07-17'),
('S017', 'David Perez', NULL, '2000-02-09'),
('S018', 'Ashley Jackson', 'C001', '1999-05-28'),
('S019', 'Brandon Adams', 'C002', '2003-08-23'),
('S020', 'Taylor Thomas', 'C003', '2002-10-31'),
('X029', 'Prime Thomas', 'C003', '2002-10-31'),
('Z029', 'Flip Media', 'C003', '2002-10-31');

INSERT INTO COURSE (CID, CourseName, CourseType, TeacherInCharge, TotalSeats, Duration)
VALUES 
('C001', 'Computer Science', 'Fulltime', 'Dr. Smith', 50, 4),
('C002', 'Mathematics', 'Parttime', 'Prof. Johnson', 40, 3),
('C003', 'History', 'Fulltime', 'Dr. Williams', 60, 5);

INSERT INTO ADMISSION (RollNo, CID, DateOfAdmission)
VALUES 
('S001', 'C001', '2024-03-10'),
('S002', 'C002', '2024-03-11'),
('S003', 'C003', '2024-03-12'),
('S004', 'C002', '2024-03-13'),
('S005', 'C001', '2024-03-14'),
('S006', 'C003', '2024-03-15'),
('S007', 'C001', '2024-03-16'),
('S008', 'C002', '2024-03-17'),
('S009', 'C003', '2024-03-18'),
('S010', 'C001', '2024-03-19'),
('S011', 'C002', '2024-03-20'),
('S012', 'C003', '2024-03-21'),
('S013', 'C001', '2024-03-22'),
('S014', 'C002', '2024-03-23'),
('S015', 'C003', '2024-03-24'),
('S016', 'C001', '2024-03-25'),
('S017', 'C002', '2024-03-26'),
('S018', 'C003', '2024-03-27'),
('S019', 'C001', '2024-03-28'),
('S020', 'C002', '2024-03-29');

